<Configuration ID="aa859d73-3f6e-41f0-8794-91a9baaf5e27">
  <Add OfficeClientEdition="64" Channel="Current">
    <Product ID="O365ProPlusEEANoTeamsRetail">
      <Language ID="it-it" />
      <Language ID="en-us" />
      <ExcludeApp ID="Groove" />
      <ExcludeApp ID="Lync" />
      <ExcludeApp ID="OneDrive" />
      <ExcludeApp ID="OneNote" />
      <ExcludeApp ID="Outlook" />
      <ExcludeApp ID="Publisher" />
      <ExcludeApp ID="Bing" />
      <ExcludeApp ID="Bing" />
    </Product>
    <Product ID="VisioProRetail">
      <Language ID="it-it" />
      <Language ID="en-us" />
      <ExcludeApp ID="Groove" />
      <ExcludeApp ID="Lync" />
      <ExcludeApp ID="OneDrive" />
      <ExcludeApp ID="OneNote" />
      <ExcludeApp ID="Outlook" />
      <ExcludeApp ID="Publisher" />
      <ExcludeApp ID="Bing" />
      <ExcludeApp ID="Bing" />
    </Product>
  </Add>
  <Updates Enabled="TRUE" />
  <RemoveMSI />
</Configuration>